{
  "7-12N-17W": {
    "south": 35.5231608,
    "north": 35.5376917,
    "west": -99.0461555,
    "east": -99.0291202
  },
  "6-12N-17W": {
    "south": 35.5376827,
    "north": 35.551539,
    "west": -99.0461451,
    "east": -99.0292044
  },
  "18-12N-17W": {
    "south": 35.5086418,
    "north": 35.5231734,
    "west": -99.0461825,
    "east": -99.0290526
  },
  "30-12N-18W": {
    "south": 35.4797423,
    "north": 35.4942732,
    "west": -99.1522954,
    "east": -99.1348584
  },
  "4-12N-18W": {
    "south": 35.5376979,
    "north": 35.5515895,
    "west": -99.1171914,
    "east": -99.0994254
  },
  "33-12N-18W": {
    "south": 35.465219,
    "north": 35.4797371,
    "west": -99.1171091,
    "east": -99.0993817
  },
  "19-12N-18W": {
    "south": 35.4942563,
    "north": 35.5087697,
    "west": -99.1523064,
    "east": -99.1348758
  },
  "28-12N-18W": {
    "south": 35.47973,
    "north": 35.4942649,
    "west": -99.1171091,
    "east": -99.0993878
  },
  "9-12N-18W": {
    "south": 35.5232147,
    "north": 35.5377364,
    "west": -99.1171763,
    "east": -99.0994137
  },
  "4-12N-19W": {
    "south": 35.5377921,
    "north": 35.5516306,
    "west": -99.2233124,
    "east": -99.2055629
  },
  "35-12N-19W": {
    "south": 35.4652716,
    "north": 35.4797997,
    "west": -99.1877847,
    "east": -99.1700432
  },
  "22-12N-19W": {
    "south": 35.4942885,
    "north": 35.5088084,
    "west": -99.2055782,
    "east": -99.1877999
  },
  "2-12N-19W": {
    "south": 35.5378052,
    "north": 35.551628,
    "west": -99.187815,
    "east": -99.1700145
  },
  "32-12N-19W": {
    "south": 35.4653143,
    "north": 35.4798244,
    "west": -99.2409639,
    "east": -99.22319
  },
  "15-12N-19W": {
    "south": 35.5087964,
    "north": 35.5233244,
    "west": -99.2055831,
    "east": -99.1878537
  },
  "3-12N-19W": {
    "south": 35.5378103,
    "north": 35.5516306,
    "west": -99.205583,
    "east": -99.1877548
  },
  "33-12N-19W": {
    "south": 35.4653,
    "north": 35.4798026,
    "west": -99.2232295,
    "east": -99.2054954
  },
  "9-12N-19W": {
    "south": 35.5232949,
    "north": 35.537826,
    "west": -99.2233237,
    "east": -99.205583
  },
  "30-12N-19W": {
    "south": 35.4798244,
    "north": 35.4943477,
    "west": -99.2581754,
    "east": -99.2409639
  },
  "11-12N-19W": {
    "south": 35.5232941,
    "north": 35.5378107,
    "west": -99.1879712,
    "east": -99.1700599
  },
  "31-12N-19W": {
    "south": 35.4653606,
    "north": 35.4798774,
    "west": -99.2582386,
    "east": -99.2408706
  },
  "10-12N-19W": {
    "south": 35.5232949,
    "north": 35.537826,
    "west": -99.2056098,
    "east": -99.187815
  },
  "27-12N-19W": {
    "south": 35.4797888,
    "north": 35.4943082,
    "west": -99.2055387,
    "east": -99.1877812
  },
  "26-12N-19W": {
    "south": 35.4797799,
    "north": 35.4943082,
    "west": -99.1877999,
    "east": -99.1700432
  },
  "34-12N-19W": {
    "south": 35.4652853,
    "north": 35.4797997,
    "west": -99.2055142,
    "east": -99.1877812
  },
  "7-13N-17W": {
    "south": 35.6095303,
    "north": 35.6240573,
    "west": -99.0576835,
    "east": -99.0399079
  },
  "6-13N-17W": {
    "south": 35.624017,
    "north": 35.6385719,
    "west": -99.0576576,
    "east": -99.0399079
  },
  "29-13N-18W": {
    "south": 35.5660666,
    "north": 35.5805569,
    "west": -99.1463795,
    "east": -99.1287355
  },
  "32-13N-18W": {
    "south": 35.5515937,
    "north": 35.5660726,
    "west": -99.1465056,
    "east": -99.1287386
  },
  "19-13N-18W": {
    "south": 35.5805449,
    "north": 35.595096,
    "west": -99.1642458,
    "east": -99.1463551
  },
  "31-13N-18W": {
    "south": 35.5515974,
    "north": 35.5661093,
    "west": -99.1642888,
    "east": -99.1463795
  },
  "3-13N-18W": {
    "south": 35.6240268,
    "north": 35.6385726,
    "west": -99.1109491,
    "east": -99.093137
  },
  "33-13N-18W": {
    "south": 35.5515815,
    "north": 35.5660678,
    "west": -99.1287409,
    "east": -99.1109774
  },
  "28-13N-18W": {
    "south": 35.5660666,
    "north": 35.5805637,
    "west": -99.1287409,
    "east": -99.110971
  },
  "30-13N-18W": {
    "south": 35.5660726,
    "north": 35.5806255,
    "west": -99.1642458,
    "east": -99.1463551
  },
  "16-13N-19W": {
    "south": 35.5951718,
    "north": 35.6097361,
    "west": -99.2351654,
    "east": -99.217315
  },
  "22-13N-19W": {
    "south": 35.5806756,
    "north": 35.59521,
    "west": -99.2173841,
    "east": -99.1996898
  },
  "14-13N-19W": {
    "south": 35.5951555,
    "north": 35.6096791,
    "west": -99.1997057,
    "east": -99.1819615
  },
  "28-13N-19W": {
    "south": 35.5660782,
    "north": 35.5806756,
    "west": -99.2351966,
    "east": -99.2172064
  },
  "24-13N-19W": {
    "south": 35.5806255,
    "north": 35.5951555,
    "west": -99.181992,
    "east": -99.1642124
  },
  "21-13N-19W": {
    "south": 35.5806466,
    "north": 35.59521,
    "west": -99.2351679,
    "east": -99.217315
  },
  "26-13N-19W": {
    "south": 35.5660692,
    "north": 35.5806801,
    "west": -99.1997946,
    "east": -99.181992
  },
  "17-13N-19W": {
    "south": 35.5951485,
    "north": 35.6097361,
    "west": -99.252993,
    "east": -99.2351486
  },
  "10-13N-19W": {
    "south": 35.6096791,
    "north": 35.6242423,
    "west": -99.2173896,
    "east": -99.1996896
  },
  "11-13N-19W": {
    "south": 35.6096437,
    "north": 35.6242025,
    "west": -99.1997057,
    "east": -99.1819423
  },
  "2-13N-19W": {
    "south": 35.6241212,
    "north": 35.6386038,
    "west": -99.1996896,
    "east": -99.1819423
  },
  "35-13N-19W": {
    "south": 35.5516254,
    "north": 35.5661382,
    "west": -99.1998208,
    "east": -99.1819846
  },
  "25-13N-19W": {
    "south": 35.5661093,
    "north": 35.5806645,
    "west": -99.1820418,
    "east": -99.1642359
  },
  "13-13N-19W": {
    "south": 35.595096,
    "north": 35.6096437,
    "west": -99.1819667,
    "east": -99.1641978
  },
  "3-13N-19W": {
    "south": 35.6242025,
    "north": 35.6386308,
    "west": -99.2174012,
    "east": -99.1996868
  },
  "33-13N-19W": {
    "south": 35.551615,
    "north": 35.5661889,
    "west": -99.2352921,
    "east": -99.2172064
  },
  "7-13N-19W": {
    "south": 35.6096746,
    "north": 35.6242203,
    "west": -99.270672,
    "east": -99.2529095
  },
  "15-13N-19W": {
    "south": 35.5952057,
    "north": 35.6097125,
    "west": -99.2173481,
    "east": -99.1996898
  },
  "34-13N-19W": {
    "south": 35.5516266,
    "north": 35.5661889,
    "west": -99.2175598,
    "east": -99.1997946
  },
  "23-13N-19W": {
    "south": 35.5806645,
    "north": 35.5952057,
    "west": -99.1997247,
    "east": -99.1819667
  },
  "9-13N-19W": {
    "south": 35.6097125,
    "north": 35.6242423,
    "west": -99.2352144,
    "east": -99.2173481
  },
  "4-13N-19W": {
    "south": 35.6242411,
    "north": 35.6386585,
    "west": -99.2352144,
    "east": -99.2173896
  },
  "6-13N-19W": {
    "south": 35.6241976,
    "north": 35.6386987,
    "west": -99.2705611,
    "east": -99.25289
  },
  "27-13N-19W": {
    "south": 35.5660692,
    "north": 35.5806926,
    "west": -99.2173165,
    "east": -99.1997247
  },
  "36-13N-19W": {
    "south": 35.5516119,
    "north": 35.5661382,
    "west": -99.1820418,
    "east": -99.1642359
  },
  "20-13N-19W": {
    "south": 35.5806226,
    "north": 35.5951718,
    "west": -99.2530427,
    "east": -99.2351654
  },
  "20-14N-17W": {
    "south": 35.6675631,
    "north": 35.6820636,
    "west": -99.0399276,
    "east": -99.0221937
  },
  "29-14N-17W": {
    "south": 35.6530653,
    "north": 35.6675678,
    "west": -99.0399251,
    "east": -99.0221937
  },
  "14-14N-18W": {
    "south": 35.6819735,
    "north": 35.6964837,
    "west": -99.0932002,
    "east": -99.0754064
  },
  "15-14N-18W": {
    "south": 35.6819735,
    "north": 35.6964587,
    "west": -99.1108939,
    "east": -99.0931882
  },
  "22-14N-18W": {
    "south": 35.6675067,
    "north": 35.6819844,
    "west": -99.110899,